<?xml version="1.0" standalone="yes"?>
<diffgr:diffgram xmlns:msdata="urn:schemas-microsoft-com:xml-msdata" xmlns:diffgr="urn:schemas-microsoft-com:xml-diffgram-v1">
  <CustomersDataSet>
    <Customers diffgr:id="Customers1" msdata:rowOrder="0" diffgr:hasChanges="modified">
      <CustomerID>ALFKI</CustomerID>
      <CompanyName>Alfreds Futterkiste</CompanyName>
      <ContactName>Maria Stanley</ContactName>
      <ContactTitle>Sales Representative</ContactTitle>
      <Address>Obere Str. 57</Address>
      <City>Berlin</City>
      <PostalCode>12209</PostalCode>
      <Country>Germany</Country>
      <Phone>030-0074321</Phone>
      <Fax>030-0076545</Fax>
    </Customers>
    <Customers diffgr:id="Customers2" msdata:rowOrder="1">
      <CustomerID>ANATR</CustomerID>
      <CompanyName>Ana Trujillo Emparedados y helados</CompanyName>
      <ContactName>Ana Trujillo</ContactName>
      <ContactTitle>Owner</ContactTitle>
      <Address>Avda. de la Constitución 2222</Address>
      <City>México D.F.</City>
      <PostalCode>05021</PostalCode>
      <Country>Mexico</Country>
      <Phone>(5) 555-4729</Phone>
      <Fax>(5) 555-3745</Fax>
    </Customers>
    <Customers diffgr:id="Customers3" msdata:rowOrder="2">
      <CustomerID>ANTON</CustomerID>
      <CompanyName>Antonio Moreno Taquería</CompanyName>
      <ContactName>Antonio Moreno</ContactName>
      <ContactTitle>Owner</ContactTitle>
      <Address>Mataderos  2312</Address>
      <City>México D.F.</City>
      <PostalCode>05023</PostalCode>
      <Country>Mexico</Country>
      <Phone>(5) 555-3932</Phone>
    </Customers>
    <Customers diffgr:id="Customers4" msdata:rowOrder="3">
      <CustomerID>AROUT</CustomerID>
      <CompanyName>Around the Horn</CompanyName>
      <ContactName>Thomas Hardy</ContactName>
      <ContactTitle>Sales Representative</ContactTitle>
      <Address>120 Hanover Sq.</Address>
      <City>London</City>
      <PostalCode>WA1 1DP</PostalCode>
      <Country>UK</Country>
      <Phone>(171) 555-7788</Phone>
      <Fax>(171) 555-6750</Fax>
    </Customers>
    <Customers diffgr:id="Customers5" msdata:rowOrder="4">
      <CustomerID>BERGS</CustomerID>
      <CompanyName>Berglunds snabbköp</CompanyName>
      <ContactName>Christina Berglund</ContactName>
      <ContactTitle>Order Administrator</ContactTitle>
      <Address>Berguvsvägen  8</Address>
      <City>Luleå</City>
      <PostalCode>S-958 22</PostalCode>
      <Country>Sweden</Country>
      <Phone>0921-12 34 65</Phone>
      <Fax>0921-12 34 67</Fax>
    </Customers>
    <Customers diffgr:id="Customers6" msdata:rowOrder="5">
      <CustomerID>BLAUS</CustomerID>
      <CompanyName>Blauer See Delikatessen</CompanyName>
      <ContactName>Hanna Moos</ContactName>
      <ContactTitle>Sales Representative</ContactTitle>
      <Address>Forsterstr. 57</Address>
      <City>Mannheim</City>
      <PostalCode>68306</PostalCode>
      <Country>Germany</Country>
      <Phone>0621-08460</Phone>
      <Fax>0621-08924</Fax>
    </Customers>
    <Customers diffgr:id="Customers7" msdata:rowOrder="6">
      <CustomerID>BLONP</CustomerID>
      <CompanyName>Blondesddsl père et fils</CompanyName>
      <ContactName>Frédérique Citeaux</ContactName>
      <ContactTitle>Marketing Manager</ContactTitle>
      <Address>24, place Kléber</Address>
      <City>Strasbourg</City>
      <PostalCode>67000</PostalCode>
      <Country>France</Country>
      <Phone>88.60.15.31</Phone>
      <Fax>88.60.15.32</Fax>
    </Customers>
    <Customers diffgr:id="Customers8" msdata:rowOrder="7">
      <CustomerID>BOLID</CustomerID>
      <CompanyName>Bólido Comidas preparadas</CompanyName>
      <ContactName>Martín Sommer</ContactName>
      <ContactTitle>Owner</ContactTitle>
      <Address>C/ Araquil, 67</Address>
      <City>Madrid</City>
      <PostalCode>28023</PostalCode>
      <Country>Spain</Country>
      <Phone>(91) 555 22 82</Phone>
      <Fax>(91) 555 91 99</Fax>
    </Customers>
    <Customers diffgr:id="Customers9" msdata:rowOrder="8">
      <CustomerID>BONAP</CustomerID>
      <CompanyName>Bon app'</CompanyName>
      <ContactName>Laurence Lebihan</ContactName>
      <ContactTitle>Owner</ContactTitle>
      <Address>12, rue des Bouchers</Address>
      <City>Marseille</City>
      <PostalCode>13008</PostalCode>
      <Country>France</Country>
      <Phone>91.24.45.40</Phone>
      <Fax>91.24.45.41</Fax>
    </Customers>
    <Customers diffgr:id="Customers10" msdata:rowOrder="9">
      <CustomerID>BOTTM</CustomerID>
      <CompanyName>Bottom-Dollar Markets</CompanyName>
      <ContactName>Elizabeth Lincoln</ContactName>
      <ContactTitle>Accounting Manager</ContactTitle>
      <Address>23 Tsawassen Blvd.</Address>
      <City>Tsawassen</City>
      <Region>BC</Region>
      <PostalCode>T2F 8M4</PostalCode>
      <Country>Canada</Country>
      <Phone>(604) 555-4729</Phone>
      <Fax>(604) 555-3745</Fax>
    </Customers>
    <Customers diffgr:id="Customers11" msdata:rowOrder="10">
      <CustomerID>BSBEV</CustomerID>
      <CompanyName>B's Beverages</CompanyName>
      <ContactName>Victoria Ashworth</ContactName>
      <ContactTitle>Sales Representative</ContactTitle>
      <Address>Fauntleroy Circus</Address>
      <City>London</City>
      <PostalCode>EC2 5NT</PostalCode>
      <Country>UK</Country>
      <Phone>(171) 555-1212</Phone>
    </Customers>
    <Customers diffgr:id="Customers12" msdata:rowOrder="11">
      <CustomerID>CACTU</CustomerID>
      <CompanyName>Cactus Comidas para llevar</CompanyName>
      <ContactName>Patricio Simpson</ContactName>
      <ContactTitle>Sales Agent</ContactTitle>
      <Address>Cerrito 333</Address>
      <City>Buenos Aires</City>
      <PostalCode>1010</PostalCode>
      <Country>Argentina</Country>
      <Phone>(1) 135-5555</Phone>
      <Fax>(1) 135-4892</Fax>
    </Customers>
    <Customers diffgr:id="Customers13" msdata:rowOrder="12">
      <CustomerID>CENTC</CustomerID>
      <CompanyName>Centro comercial Moctezuma</CompanyName>
      <ContactName>Francisco Chang</ContactName>
      <ContactTitle>Marketing Manager</ContactTitle>
      <Address>Sierras de Granada 9993</Address>
      <City>México D.F.</City>
      <PostalCode>05022</PostalCode>
      <Country>Mexico</Country>
      <Phone>(5) 555-3392</Phone>
      <Fax>(5) 555-7293</Fax>
    </Customers>
    <Customers diffgr:id="Customers14" msdata:rowOrder="13">
      <CustomerID>CHOPS</CustomerID>
      <CompanyName>Chop-suey Chinese</CompanyName>
      <ContactName>Yang Wang</ContactName>
      <ContactTitle>Owner</ContactTitle>
      <Address>Hauptstr. 29</Address>
      <City>Bern</City>
      <PostalCode>3012</PostalCode>
      <Country>Switzerland</Country>
      <Phone>0452-076545</Phone>
    </Customers>
    <Customers diffgr:id="Customers15" msdata:rowOrder="14">
      <CustomerID>COMMI</CustomerID>
      <CompanyName>Comércio Mineiro</CompanyName>
      <ContactName>Pedro Afonso</ContactName>
      <ContactTitle>Sales Associate</ContactTitle>
      <Address>Av. dos Lusíadas, 23</Address>
      <City>Sao Paulo</City>
      <Region>SP</Region>
      <PostalCode>05432-043</PostalCode>
      <Country>Brazil</Country>
      <Phone>(11) 555-7647</Phone>
    </Customers>
    <Customers diffgr:id="Customers16" msdata:rowOrder="15">
      <CustomerID>CONSH</CustomerID>
      <CompanyName>Consolidated Holdings</CompanyName>
      <ContactName>Elizabeth Brown</ContactName>
      <ContactTitle>Sales Representative</ContactTitle>
      <Address>Berkeley Gardens 12  Brewery</Address>
      <City>London</City>
      <PostalCode>WX1 6LT</PostalCode>
      <Country>UK</Country>
      <Phone>(171) 555-2282</Phone>
      <Fax>(171) 555-9199</Fax>
    </Customers>
    <Customers diffgr:id="Customers17" msdata:rowOrder="16">
      <CustomerID>DRACD</CustomerID>
      <CompanyName>Drachenblut Delikatessen</CompanyName>
      <ContactName>Sven Ottlieb</ContactName>
      <ContactTitle>Order Administrator</ContactTitle>
      <Address>Walserweg 21</Address>
      <City>Aachen</City>
      <PostalCode>52066</PostalCode>
      <Country>Germany</Country>
      <Phone>0241-039123</Phone>
      <Fax>0241-059428</Fax>
    </Customers>
    <Customers diffgr:id="Customers18" msdata:rowOrder="17">
      <CustomerID>DUMON</CustomerID>
      <CompanyName>Du monde entier</CompanyName>
      <ContactName>Janine Labrune</ContactName>
      <ContactTitle>Owner</ContactTitle>
      <Address>67, rue des Cinquante Otages</Address>
      <City>Nantes</City>
      <PostalCode>44000</PostalCode>
      <Country>France</Country>
      <Phone>40.67.88.88</Phone>
      <Fax>40.67.89.89</Fax>
    </Customers>
    <Customers diffgr:id="Customers19" msdata:rowOrder="18">
      <CustomerID>EASTC</CustomerID>
      <CompanyName>Eastern Connection</CompanyName>
      <ContactName>Ann Devon</ContactName>
      <ContactTitle>Sales Agent</ContactTitle>
      <Address>35 King George</Address>
      <City>London</City>
      <PostalCode>WX3 6FW</PostalCode>
      <Country>UK</Country>
      <Phone>(171) 555-0297</Phone>
      <Fax>(171) 555-3373</Fax>
    </Customers>
    <Customers diffgr:id="Customers20" msdata:rowOrder="19">
      <CustomerID>ERNSH</CustomerID>
      <CompanyName>Ernst Handel</CompanyName>
      <ContactName>Roland Mendel</ContactName>
      <ContactTitle>Sales Manager</ContactTitle>
      <Address>Kirchgasse 6</Address>
      <City>Graz</City>
      <PostalCode>8010</PostalCode>
      <Country>Austria</Country>
      <Phone>7675-3425</Phone>
      <Fax>7675-3426</Fax>
    </Customers>
    <Customers diffgr:id="Customers21" msdata:rowOrder="20">
      <CustomerID>FAMIA</CustomerID>
      <CompanyName>Familia Arquibaldo</CompanyName>
      <ContactName>Aria Cruz</ContactName>
      <ContactTitle>Marketing Assistant</ContactTitle>
      <Address>Rua Orós, 92</Address>
      <City>Sao Paulo</City>
      <Region>SP</Region>
      <PostalCode>05442-030</PostalCode>
      <Country>Brazil</Country>
      <Phone>(11) 555-9857</Phone>
    </Customers>
    <Customers diffgr:id="Customers22" msdata:rowOrder="21">
      <CustomerID>FISSA</CustomerID>
      <CompanyName>FISSA Fabrica Inter. Salchichas S.A.</CompanyName>
      <ContactName>Diego Roel</ContactName>
      <ContactTitle>Accounting Manager</ContactTitle>
      <Address>C/ Moralzarzal, 86</Address>
      <City>Madrid</City>
      <PostalCode>28034</PostalCode>
      <Country>Spain</Country>
      <Phone>(91) 555 94 44</Phone>
      <Fax>(91) 555 55 93</Fax>
    </Customers>
    <Customers diffgr:id="Customers23" msdata:rowOrder="22">
      <CustomerID>FOLIG</CustomerID>
      <CompanyName>Folies gourmandes</CompanyName>
      <ContactName>Martine Rancé</ContactName>
      <ContactTitle>Assistant Sales Agent</ContactTitle>
      <Address>184, chaussée de Tournai</Address>
      <City>Lille</City>
      <PostalCode>59000</PostalCode>
      <Country>France</Country>
      <Phone>20.16.10.16</Phone>
      <Fax>20.16.10.17</Fax>
    </Customers>
    <Customers diffgr:id="Customers24" msdata:rowOrder="23">
      <CustomerID>FOLKO</CustomerID>
      <CompanyName>Folk och fä HB</CompanyName>
      <ContactName>Maria Larsson</ContactName>
      <ContactTitle>Owner</ContactTitle>
      <Address>Åkergatan 24</Address>
      <City>Bräcke</City>
      <PostalCode>S-844 67</PostalCode>
      <Country>Sweden</Country>
      <Phone>0695-34 67 21</Phone>
    </Customers>
    <Customers diffgr:id="Customers25" msdata:rowOrder="24">
      <CustomerID>FRANK</CustomerID>
      <CompanyName>Frankenversand</CompanyName>
      <ContactName>Peter Franken</ContactName>
      <ContactTitle>Marketing Manager</ContactTitle>
      <Address>Berliner Platz 43</Address>
      <City>München</City>
      <PostalCode>80805</PostalCode>
      <Country>Germany</Country>
      <Phone>089-0877310</Phone>
      <Fax>089-0877451</Fax>
    </Customers>
    <Customers diffgr:id="Customers26" msdata:rowOrder="25">
      <CustomerID>FRANR</CustomerID>
      <CompanyName>France restauration</CompanyName>
      <ContactName>Carine Schmitt</ContactName>
      <ContactTitle>Marketing Manager</ContactTitle>
      <Address>54, rue Royale</Address>
      <City>Nantes</City>
      <PostalCode>44000</PostalCode>
      <Country>France</Country>
      <Phone>40.32.21.21</Phone>
      <Fax>40.32.21.20</Fax>
    </Customers>
    <Customers diffgr:id="Customers27" msdata:rowOrder="26">
      <CustomerID>FRANS</CustomerID>
      <CompanyName>Franchi S.p.A.</CompanyName>
      <ContactName>Paolo Accorti</ContactName>
      <ContactTitle>Sales Representative</ContactTitle>
      <Address>Via Monte Bianco 34</Address>
      <City>Torino</City>
      <PostalCode>10100</PostalCode>
      <Country>Italy</Country>
      <Phone>011-4988260</Phone>
      <Fax>011-4988261</Fax>
    </Customers>
    <Customers diffgr:id="Customers28" msdata:rowOrder="27">
      <CustomerID>FURIB</CustomerID>
      <CompanyName>Furia Bacalhau e Frutos do Mar</CompanyName>
      <ContactName>Lino Rodriguez</ContactName>
      <ContactTitle>Sales Manager</ContactTitle>
      <Address>Jardim das rosas n. 32</Address>
      <City>Lisboa</City>
      <PostalCode>1675</PostalCode>
      <Country>Portugal</Country>
      <Phone>(1) 354-2534</Phone>
      <Fax>(1) 354-2535</Fax>
    </Customers>
    <Customers diffgr:id="Customers29" msdata:rowOrder="28">
      <CustomerID>GALED</CustomerID>
      <CompanyName>Galería del gastrónomo</CompanyName>
      <ContactName>Eduardo Saavedra</ContactName>
      <ContactTitle>Marketing Manager</ContactTitle>
      <Address>Rambla de Cataluña, 23</Address>
      <City>Barcelona</City>
      <PostalCode>08022</PostalCode>
      <Country>Spain</Country>
      <Phone>(93) 203 4560</Phone>
      <Fax>(93) 203 4561</Fax>
    </Customers>
    <Customers diffgr:id="Customers30" msdata:rowOrder="29">
      <CustomerID>GODOS</CustomerID>
      <CompanyName>Godos Cocina Típica</CompanyName>
      <ContactName>José Pedro Freyre</ContactName>
      <ContactTitle>Sales Manager</ContactTitle>
      <Address>C/ Romero, 33</Address>
      <City>Sevilla</City>
      <PostalCode>41101</PostalCode>
      <Country>Spain</Country>
      <Phone>(95) 555 82 82</Phone>
    </Customers>
    <Customers diffgr:id="Customers31" msdata:rowOrder="30">
      <CustomerID>GOURL</CustomerID>
      <CompanyName>Gourmet Lanchonetes</CompanyName>
      <ContactName>André Fonseca</ContactName>
      <ContactTitle>Sales Associate</ContactTitle>
      <Address>Av. Brasil, 442</Address>
      <City>Campinas</City>
      <Region>SP</Region>
      <PostalCode>04876-786</PostalCode>
      <Country>Brazil</Country>
      <Phone>(11) 555-9482</Phone>
    </Customers>
    <Customers diffgr:id="Customers32" msdata:rowOrder="31">
      <CustomerID>GREAL</CustomerID>
      <CompanyName>Great Lakes Food Market</CompanyName>
      <ContactName>Howard Snyder</ContactName>
      <ContactTitle>Marketing Manager</ContactTitle>
      <Address>2732 Baker Blvd.</Address>
      <City>Eugene</City>
      <Region>OR</Region>
      <PostalCode>97403</PostalCode>
      <Country>USA</Country>
      <Phone>(503) 555-7555</Phone>
    </Customers>
    <Customers diffgr:id="Customers33" msdata:rowOrder="32">
      <CustomerID>GROSR</CustomerID>
      <CompanyName>GROSELLA-Restaurante</CompanyName>
      <ContactName>Manuel Pereira</ContactName>
      <ContactTitle>Owner</ContactTitle>
      <Address>5ª Ave. Los Palos Grandes</Address>
      <City>Caracas</City>
      <Region>DF</Region>
      <PostalCode>1081</PostalCode>
      <Country>Venezuela</Country>
      <Phone>(2) 283-2951</Phone>
      <Fax>(2) 283-3397</Fax>
    </Customers>
    <Customers diffgr:id="Customers34" msdata:rowOrder="33">
      <CustomerID>HANAR</CustomerID>
      <CompanyName>Hanari Carnes</CompanyName>
      <ContactName>Mario Pontes</ContactName>
      <ContactTitle>Accounting Manager</ContactTitle>
      <Address>Rua do Paço, 67</Address>
      <City>Rio de Janeiro</City>
      <Region>RJ</Region>
      <PostalCode>05454-876</PostalCode>
      <Country>Brazil</Country>
      <Phone>(21) 555-0091</Phone>
      <Fax>(21) 555-8765</Fax>
    </Customers>
    <Customers diffgr:id="Customers35" msdata:rowOrder="34">
      <CustomerID>HILAA</CustomerID>
      <CompanyName>HILARION-Abastos</CompanyName>
      <ContactName>Carlos Hernández</ContactName>
      <ContactTitle>Sales Representative</ContactTitle>
      <Address>Carrera 22 con Ave. Carlos Soublette #8-35</Address>
      <City>San Cristóbal</City>
      <Region>Táchira</Region>
      <PostalCode>5022</PostalCode>
      <Country>Venezuela</Country>
      <Phone>(5) 555-1340</Phone>
      <Fax>(5) 555-1948</Fax>
    </Customers>
    <Customers diffgr:id="Customers36" msdata:rowOrder="35">
      <CustomerID>HUNGC</CustomerID>
      <CompanyName>Hungry Coyote Import Store</CompanyName>
      <ContactName>Yoshi Latimer</ContactName>
      <ContactTitle>Sales Representative</ContactTitle>
      <Address>City Center Plaza 516 Main St.</Address>
      <City>Elgin</City>
      <Region>OR</Region>
      <PostalCode>97827</PostalCode>
      <Country>USA</Country>
      <Phone>(503) 555-6874</Phone>
      <Fax>(503) 555-2376</Fax>
    </Customers>
    <Customers diffgr:id="Customers37" msdata:rowOrder="36">
      <CustomerID>HUNGO</CustomerID>
      <CompanyName>Hungry Owl All-Night Grocers</CompanyName>
      <ContactName>Patricia McKenna</ContactName>
      <ContactTitle>Sales Associate</ContactTitle>
      <Address>8 Johnstown Road</Address>
      <City>Cork</City>
      <Region>Co. Cork</Region>
      <Country>Ireland</Country>
      <Phone>2967 542</Phone>
      <Fax>2967 3333</Fax>
    </Customers>
    <Customers diffgr:id="Customers38" msdata:rowOrder="37">
      <CustomerID>ISLAT</CustomerID>
      <CompanyName>Island Trading</CompanyName>
      <ContactName>Helen Bennett</ContactName>
      <ContactTitle>Marketing Manager</ContactTitle>
      <Address>Garden House Crowther Way</Address>
      <City>Cowes</City>
      <Region>Isle of Wight</Region>
      <PostalCode>PO31 7PJ</PostalCode>
      <Country>UK</Country>
      <Phone>(198) 555-8888</Phone>
    </Customers>
    <Customers diffgr:id="Customers39" msdata:rowOrder="38">
      <CustomerID>KOENE</CustomerID>
      <CompanyName>Königlich Essen</CompanyName>
      <ContactName>Philip Cramer</ContactName>
      <ContactTitle>Sales Associate</ContactTitle>
      <Address>Maubelstr. 90</Address>
      <City>Brandenburg</City>
      <PostalCode>14776</PostalCode>
      <Country>Germany</Country>
      <Phone>0555-09876</Phone>
    </Customers>
    <Customers diffgr:id="Customers40" msdata:rowOrder="39">
      <CustomerID>LACOR</CustomerID>
      <CompanyName>La corne d'abondance</CompanyName>
      <ContactName>Daniel Tonini</ContactName>
      <ContactTitle>Sales Representative</ContactTitle>
      <Address>67, avenue de l'Europe</Address>
      <City>Versailles</City>
      <PostalCode>78000</PostalCode>
      <Country>France</Country>
      <Phone>30.59.84.10</Phone>
      <Fax>30.59.85.11</Fax>
    </Customers>
    <Customers diffgr:id="Customers41" msdata:rowOrder="40">
      <CustomerID>LAMAI</CustomerID>
      <CompanyName>La maison d'Asie</CompanyName>
      <ContactName>Annette Roulet</ContactName>
      <ContactTitle>Sales Manager</ContactTitle>
      <Address>1 rue Alsace-Lorraine</Address>
      <City>Toulouse</City>
      <PostalCode>31000</PostalCode>
      <Country>France</Country>
      <Phone>61.77.61.10</Phone>
      <Fax>61.77.61.11</Fax>
    </Customers>
    <Customers diffgr:id="Customers42" msdata:rowOrder="41">
      <CustomerID>LAUGB</CustomerID>
      <CompanyName>Laughing Bacchus Wine Cellars</CompanyName>
      <ContactName>Yoshi Tannamuri</ContactName>
      <ContactTitle>Marketing Assistant</ContactTitle>
      <Address>1900 Oak St.</Address>
      <City>Vancouver</City>
      <Region>BC</Region>
      <PostalCode>V3F 2K1</PostalCode>
      <Country>Canada</Country>
      <Phone>(604) 555-3392</Phone>
      <Fax>(604) 555-7293</Fax>
    </Customers>
    <Customers diffgr:id="Customers43" msdata:rowOrder="42">
      <CustomerID>LAZYK</CustomerID>
      <CompanyName>Lazy K Kountry Store</CompanyName>
      <ContactName>John Steel</ContactName>
      <ContactTitle>Marketing Manager</ContactTitle>
      <Address>12 Orchestra Terrace</Address>
      <City>Walla Walla</City>
      <Region>WA</Region>
      <PostalCode>99362</PostalCode>
      <Country>USA</Country>
      <Phone>(509) 555-7969</Phone>
      <Fax>(509) 555-6221</Fax>
    </Customers>
    <Customers diffgr:id="Customers44" msdata:rowOrder="43">
      <CustomerID>LEHMS</CustomerID>
      <CompanyName>Lehmanns Marktstand</CompanyName>
      <ContactName>Renate Messner</ContactName>
      <ContactTitle>Sales Representative</ContactTitle>
      <Address>Magazinweg 7</Address>
      <City>Frankfurt a.M.</City>
      <PostalCode>60528</PostalCode>
      <Country>Germany</Country>
      <Phone>069-0245984</Phone>
      <Fax>069-0245874</Fax>
    </Customers>
    <Customers diffgr:id="Customers45" msdata:rowOrder="44">
      <CustomerID>LETSS</CustomerID>
      <CompanyName>Let's Stop N Shop</CompanyName>
      <ContactName>Jaime Yorres</ContactName>
      <ContactTitle>Owner</ContactTitle>
      <Address>87 Polk St. Suite 5</Address>
      <City>San Francisco</City>
      <Region>CA</Region>
      <PostalCode>94117</PostalCode>
      <Country>USA</Country>
      <Phone>(415) 555-5938</Phone>
    </Customers>
    <Customers diffgr:id="Customers46" msdata:rowOrder="45">
      <CustomerID>LILAS</CustomerID>
      <CompanyName>LILA-Supermercado</CompanyName>
      <ContactName>Carlos González</ContactName>
      <ContactTitle>Accounting Manager</ContactTitle>
      <Address>Carrera 52 con Ave. Bolívar #65-98 Llano Largo</Address>
      <City>Barquisimeto</City>
      <Region>Lara</Region>
      <PostalCode>3508</PostalCode>
      <Country>Venezuela</Country>
      <Phone>(9) 331-6954</Phone>
      <Fax>(9) 331-7256</Fax>
    </Customers>
    <Customers diffgr:id="Customers47" msdata:rowOrder="46">
      <CustomerID>LINOD</CustomerID>
      <CompanyName>LINO-Delicateses</CompanyName>
      <ContactName>Felipe Izquierdo</ContactName>
      <ContactTitle>Owner</ContactTitle>
      <Address>Ave. 5 de Mayo Porlamar</Address>
      <City>I. de Margarita</City>
      <Region>Nueva Esparta</Region>
      <PostalCode>4980</PostalCode>
      <Country>Venezuela</Country>
      <Phone>(8) 34-56-12</Phone>
      <Fax>(8) 34-93-93</Fax>
    </Customers>
    <Customers diffgr:id="Customers48" msdata:rowOrder="47">
      <CustomerID>LONEP</CustomerID>
      <CompanyName>Lonesome Pine Restaurant</CompanyName>
      <ContactName>Fran Wilson</ContactName>
      <ContactTitle>Sales Manager</ContactTitle>
      <Address>89 Chiaroscuro Rd.</Address>
      <City>Portland</City>
      <Region>OR</Region>
      <PostalCode>97219</PostalCode>
      <Country>USA</Country>
      <Phone>(503) 555-9573</Phone>
      <Fax>(503) 555-9646</Fax>
    </Customers>
    <Customers diffgr:id="Customers49" msdata:rowOrder="48">
      <CustomerID>MAGAA</CustomerID>
      <CompanyName>Magazzini Alimentari Riuniti</CompanyName>
      <ContactName>Giovanni Rovelli</ContactName>
      <ContactTitle>Marketing Manager</ContactTitle>
      <Address>Via Ludovico il Moro 22</Address>
      <City>Bergamo</City>
      <PostalCode>24100</PostalCode>
      <Country>Italy</Country>
      <Phone>035-640230</Phone>
      <Fax>035-640231</Fax>
    </Customers>
    <Customers diffgr:id="Customers50" msdata:rowOrder="49">
      <CustomerID>MAISD</CustomerID>
      <CompanyName>Maison Dewey</CompanyName>
      <ContactName>Catherine Dewey</ContactName>
      <ContactTitle>Sales Agent</ContactTitle>
      <Address>Rue Joseph-Bens 532</Address>
      <City>Bruxelles</City>
      <PostalCode>B-1180</PostalCode>
      <Country>Belgium</Country>
      <Phone>(02) 201 24 67</Phone>
      <Fax>(02) 201 24 68</Fax>
    </Customers>
    <Customers diffgr:id="Customers51" msdata:rowOrder="50">
      <CustomerID>MEREP</CustomerID>
      <CompanyName>Mère Paillarde</CompanyName>
      <ContactName>Jean Fresnière</ContactName>
      <ContactTitle>Marketing Assistant</ContactTitle>
      <Address>43 rue St. Laurent</Address>
      <City>Montréal</City>
      <Region>Québec</Region>
      <PostalCode>H1J 1C3</PostalCode>
      <Country>Canada</Country>
      <Phone>(514) 555-8054</Phone>
      <Fax>(514) 555-8055</Fax>
    </Customers>
    <Customers diffgr:id="Customers52" msdata:rowOrder="51">
      <CustomerID>MORGK</CustomerID>
      <CompanyName>Morgenstern Gesundkost</CompanyName>
      <ContactName>Alexander Feuer</ContactName>
      <ContactTitle>Marketing Assistant</ContactTitle>
      <Address>Heerstr. 22</Address>
      <City>Leipzig</City>
      <PostalCode>04179</PostalCode>
      <Country>Germany</Country>
      <Phone>0342-023176</Phone>
    </Customers>
    <Customers diffgr:id="Customers53" msdata:rowOrder="52">
      <CustomerID>NORTS</CustomerID>
      <CompanyName>North/South</CompanyName>
      <ContactName>Simon Crowther</ContactName>
      <ContactTitle>Sales Associate</ContactTitle>
      <Address>South House 300 Queensbridge</Address>
      <City>London</City>
      <PostalCode>SW7 1RZ</PostalCode>
      <Country>UK</Country>
      <Phone>(171) 555-7733</Phone>
      <Fax>(171) 555-2530</Fax>
    </Customers>
    <Customers diffgr:id="Customers54" msdata:rowOrder="53">
      <CustomerID>OCEAN</CustomerID>
      <CompanyName>Océano Atlántico Ltda.</CompanyName>
      <ContactName>Yvonne Moncada</ContactName>
      <ContactTitle>Sales Agent</ContactTitle>
      <Address>Ing. Gustavo Moncada 8585 Piso 20-A</Address>
      <City>Buenos Aires</City>
      <PostalCode>1010</PostalCode>
      <Country>Argentina</Country>
      <Phone>(1) 135-5333</Phone>
      <Fax>(1) 135-5535</Fax>
    </Customers>
    <Customers diffgr:id="Customers55" msdata:rowOrder="54">
      <CustomerID>OLDWO</CustomerID>
      <CompanyName>Old World Delicatessen</CompanyName>
      <ContactName>Rene Phillips</ContactName>
      <ContactTitle>Sales Representative</ContactTitle>
      <Address>2743 Bering St.</Address>
      <City>Anchorage</City>
      <Region>AK</Region>
      <PostalCode>99508</PostalCode>
      <Country>USA</Country>
      <Phone>(907) 555-7584</Phone>
      <Fax>(907) 555-2880</Fax>
    </Customers>
    <Customers diffgr:id="Customers56" msdata:rowOrder="55">
      <CustomerID>OTTIK</CustomerID>
      <CompanyName>Ottilies Käseladen</CompanyName>
      <ContactName>Henriette Pfalzheim</ContactName>
      <ContactTitle>Owner</ContactTitle>
      <Address>Mehrheimerstr. 369</Address>
      <City>Köln</City>
      <PostalCode>50739</PostalCode>
      <Country>Germany</Country>
      <Phone>0221-0644327</Phone>
      <Fax>0221-0765721</Fax>
    </Customers>
    <Customers diffgr:id="Customers57" msdata:rowOrder="56">
      <CustomerID>PARIS</CustomerID>
      <CompanyName>Paris spécialités</CompanyName>
      <ContactName>Marie Bertrand</ContactName>
      <ContactTitle>Owner</ContactTitle>
      <Address>265, boulevard Charonne</Address>
      <City>Paris</City>
      <PostalCode>75012</PostalCode>
      <Country>France</Country>
      <Phone>(1) 42.34.22.66</Phone>
      <Fax>(1) 42.34.22.77</Fax>
    </Customers>
    <Customers diffgr:id="Customers58" msdata:rowOrder="57">
      <CustomerID>PERIC</CustomerID>
      <CompanyName>Pericles Comidas clásicas</CompanyName>
      <ContactName>Guillermo Fernández</ContactName>
      <ContactTitle>Sales Representative</ContactTitle>
      <Address>Calle Dr. Jorge Cash 321</Address>
      <City>México D.F.</City>
      <PostalCode>05033</PostalCode>
      <Country>Mexico</Country>
      <Phone>(5) 552-3745</Phone>
      <Fax>(5) 545-3745</Fax>
    </Customers>
    <Customers diffgr:id="Customers59" msdata:rowOrder="58">
      <CustomerID>PICCO</CustomerID>
      <CompanyName>Piccolo und mehr</CompanyName>
      <ContactName>Georg Pipps</ContactName>
      <ContactTitle>Sales Manager</ContactTitle>
      <Address>Geislweg 14</Address>
      <City>Salzburg</City>
      <PostalCode>5020</PostalCode>
      <Country>Austria</Country>
      <Phone>6562-9722</Phone>
      <Fax>6562-9723</Fax>
    </Customers>
    <Customers diffgr:id="Customers60" msdata:rowOrder="59">
      <CustomerID>PRINI</CustomerID>
      <CompanyName>Princesa Isabel Vinhos</CompanyName>
      <ContactName>Isabel de Castro</ContactName>
      <ContactTitle>Sales Representative</ContactTitle>
      <Address>Estrada da saúde n. 58</Address>
      <City>Lisboa</City>
      <PostalCode>1756</PostalCode>
      <Country>Portugal</Country>
      <Phone>(1) 356-5634</Phone>
    </Customers>
    <Customers diffgr:id="Customers61" msdata:rowOrder="60">
      <CustomerID>QUEDE</CustomerID>
      <CompanyName>Que Delícia</CompanyName>
      <ContactName>Bernardo Batista</ContactName>
      <ContactTitle>Accounting Manager</ContactTitle>
      <Address>Rua da Panificadora, 12</Address>
      <City>Rio de Janeiro</City>
      <Region>RJ</Region>
      <PostalCode>02389-673</PostalCode>
      <Country>Brazil</Country>
      <Phone>(21) 555-4252</Phone>
      <Fax>(21) 555-4545</Fax>
    </Customers>
    <Customers diffgr:id="Customers62" msdata:rowOrder="61">
      <CustomerID>QUEEN</CustomerID>
      <CompanyName>Queen Cozinha</CompanyName>
      <ContactName>Lúcia Carvalho</ContactName>
      <ContactTitle>Marketing Assistant</ContactTitle>
      <Address>Alameda dos Canàrios, 891</Address>
      <City>Sao Paulo</City>
      <Region>SP</Region>
      <PostalCode>05487-020</PostalCode>
      <Country>Brazil</Country>
      <Phone>(11) 555-1189</Phone>
    </Customers>
    <Customers diffgr:id="Customers63" msdata:rowOrder="62">
      <CustomerID>QUICK</CustomerID>
      <CompanyName>QUICK-Stop</CompanyName>
      <ContactName>Horst Kloss</ContactName>
      <ContactTitle>Accounting Manager</ContactTitle>
      <Address>Taucherstraße 10</Address>
      <City>Cunewalde</City>
      <PostalCode>01307</PostalCode>
      <Country>Germany</Country>
      <Phone>0372-035188</Phone>
    </Customers>
    <Customers diffgr:id="Customers64" msdata:rowOrder="63">
      <CustomerID>RANCH</CustomerID>
      <CompanyName>Rancho grande</CompanyName>
      <ContactName>Sergio Gutiérrez</ContactName>
      <ContactTitle>Sales Representative</ContactTitle>
      <Address>Av. del Libertador 900</Address>
      <City>Buenos Aires</City>
      <PostalCode>1010</PostalCode>
      <Country>Argentina</Country>
      <Phone>(1) 123-5555</Phone>
      <Fax>(1) 123-5556</Fax>
    </Customers>
    <Customers diffgr:id="Customers65" msdata:rowOrder="64">
      <CustomerID>RATTC</CustomerID>
      <CompanyName>Rattlesnake Canyon Grocery</CompanyName>
      <ContactName>Paula Wilson</ContactName>
      <ContactTitle>Assistant Sales Representative</ContactTitle>
      <Address>2817 Milton Dr.</Address>
      <City>Albuquerque</City>
      <Region>NM</Region>
      <PostalCode>87110</PostalCode>
      <Country>USA</Country>
      <Phone>(505) 555-5939</Phone>
      <Fax>(505) 555-3620</Fax>
    </Customers>
    <Customers diffgr:id="Customers66" msdata:rowOrder="65">
      <CustomerID>REGGC</CustomerID>
      <CompanyName>Reggiani Caseifici</CompanyName>
      <ContactName>Maurizio Moroni</ContactName>
      <ContactTitle>Sales Associate</ContactTitle>
      <Address>Strada Provinciale 124</Address>
      <City>Reggio Emilia</City>
      <PostalCode>42100</PostalCode>
      <Country>Italy</Country>
      <Phone>0522-556721</Phone>
      <Fax>0522-556722</Fax>
    </Customers>
    <Customers diffgr:id="Customers67" msdata:rowOrder="66">
      <CustomerID>RICAR</CustomerID>
      <CompanyName>Ricardo Adocicados</CompanyName>
      <ContactName>Janete Limeira</ContactName>
      <ContactTitle>Assistant Sales Agent</ContactTitle>
      <Address>Av. Copacabana, 267</Address>
      <City>Rio de Janeiro</City>
      <Region>RJ</Region>
      <PostalCode>02389-890</PostalCode>
      <Country>Brazil</Country>
      <Phone>(21) 555-3412</Phone>
    </Customers>
    <Customers diffgr:id="Customers68" msdata:rowOrder="67">
      <CustomerID>RICSU</CustomerID>
      <CompanyName>Richter Supermarkt</CompanyName>
      <ContactName>Michael Holz</ContactName>
      <ContactTitle>Sales Manager</ContactTitle>
      <Address>Grenzacherweg 237</Address>
      <City>Genève</City>
      <PostalCode>1203</PostalCode>
      <Country>Switzerland</Country>
      <Phone>0897-034214</Phone>
    </Customers>
    <Customers diffgr:id="Customers69" msdata:rowOrder="68">
      <CustomerID>ROMEY</CustomerID>
      <CompanyName>Romero y tomillo</CompanyName>
      <ContactName>Alejandra Camino</ContactName>
      <ContactTitle>Accounting Manager</ContactTitle>
      <Address>Gran Vía, 1</Address>
      <City>Madrid</City>
      <PostalCode>28001</PostalCode>
      <Country>Spain</Country>
      <Phone>(91) 745 6200</Phone>
      <Fax>(91) 745 6210</Fax>
    </Customers>
    <Customers diffgr:id="Customers70" msdata:rowOrder="69">
      <CustomerID>SANTG</CustomerID>
      <CompanyName>Santé Gourmet</CompanyName>
      <ContactName>Jonas Bergulfsen</ContactName>
      <ContactTitle>Owner</ContactTitle>
      <Address>Erling Skakkes gate 78</Address>
      <City>Stavern</City>
      <PostalCode>4110</PostalCode>
      <Country>Norway</Country>
      <Phone>07-98 92 35</Phone>
      <Fax>07-98 92 47</Fax>
    </Customers>
    <Customers diffgr:id="Customers71" msdata:rowOrder="70">
      <CustomerID>SAVEA</CustomerID>
      <CompanyName>Save-a-lot Markets</CompanyName>
      <ContactName>Jose Pavarotti</ContactName>
      <ContactTitle>Sales Representative</ContactTitle>
      <Address>187 Suffolk Ln.</Address>
      <City>Boise</City>
      <Region>ID</Region>
      <PostalCode>83720</PostalCode>
      <Country>USA</Country>
      <Phone>(208) 555-8097</Phone>
    </Customers>
    <Customers diffgr:id="Customers72" msdata:rowOrder="71">
      <CustomerID>SEVES</CustomerID>
      <CompanyName>Seven Seas Imports</CompanyName>
      <ContactName>Hari Kumar</ContactName>
      <ContactTitle>Sales Manager</ContactTitle>
      <Address>90 Wadhurst Rd.</Address>
      <City>London</City>
      <PostalCode>OX15 4NB</PostalCode>
      <Country>UK</Country>
      <Phone>(171) 555-1717</Phone>
      <Fax>(171) 555-5646</Fax>
    </Customers>
    <Customers diffgr:id="Customers73" msdata:rowOrder="72">
      <CustomerID>SIMOB</CustomerID>
      <CompanyName>Simons bistro</CompanyName>
      <ContactName>Jytte Petersen</ContactName>
      <ContactTitle>Owner</ContactTitle>
      <Address>Vinbæltet 34</Address>
      <City>Kobenhavn</City>
      <PostalCode>1734</PostalCode>
      <Country>Denmark</Country>
      <Phone>31 12 34 56</Phone>
      <Fax>31 13 35 57</Fax>
    </Customers>
    <Customers diffgr:id="Customers74" msdata:rowOrder="73">
      <CustomerID>SPECD</CustomerID>
      <CompanyName>Spécialités du monde</CompanyName>
      <ContactName>Dominique Perrier</ContactName>
      <ContactTitle>Marketing Manager</ContactTitle>
      <Address>25, rue Lauriston</Address>
      <City>Paris</City>
      <PostalCode>75016</PostalCode>
      <Country>France</Country>
      <Phone>(1) 47.55.60.10</Phone>
      <Fax>(1) 47.55.60.20</Fax>
    </Customers>
    <Customers diffgr:id="Customers75" msdata:rowOrder="74">
      <CustomerID>SPLIR</CustomerID>
      <CompanyName>Split Rail Beer &amp; Ale</CompanyName>
      <ContactName>Art Braunschweiger</ContactName>
      <ContactTitle>Sales Manager</ContactTitle>
      <Address>P.O. Box 555</Address>
      <City>Lander</City>
      <Region>WY</Region>
      <PostalCode>82520</PostalCode>
      <Country>USA</Country>
      <Phone>(307) 555-4680</Phone>
      <Fax>(307) 555-6525</Fax>
    </Customers>
    <Customers diffgr:id="Customers76" msdata:rowOrder="75">
      <CustomerID>SUPRD</CustomerID>
      <CompanyName>Suprêmes délices</CompanyName>
      <ContactName>Pascale Cartrain</ContactName>
      <ContactTitle>Accounting Manager</ContactTitle>
      <Address>Boulevard Tirou, 255</Address>
      <City>Charleroi</City>
      <PostalCode>B-6000</PostalCode>
      <Country>Belgium</Country>
      <Phone>(071) 23 67 22 20</Phone>
      <Fax>(071) 23 67 22 21</Fax>
    </Customers>
    <Customers diffgr:id="Customers77" msdata:rowOrder="76">
      <CustomerID>THEBI</CustomerID>
      <CompanyName>The Big Cheese</CompanyName>
      <ContactName>Liz Nixon</ContactName>
      <ContactTitle>Marketing Manager</ContactTitle>
      <Address>89 Jefferson Way Suite 2</Address>
      <City>Portland</City>
      <Region>OR</Region>
      <PostalCode>97201</PostalCode>
      <Country>USA</Country>
      <Phone>(503) 555-3612</Phone>
    </Customers>
    <Customers diffgr:id="Customers78" msdata:rowOrder="77">
      <CustomerID>THECR</CustomerID>
      <CompanyName>The Cracker Box</CompanyName>
      <ContactName>Liu Wong</ContactName>
      <ContactTitle>Marketing Assistant</ContactTitle>
      <Address>55 Grizzly Peak Rd.</Address>
      <City>Butte</City>
      <Region>MT</Region>
      <PostalCode>59801</PostalCode>
      <Country>USA</Country>
      <Phone>(406) 555-5834</Phone>
      <Fax>(406) 555-8083</Fax>
    </Customers>
    <Customers diffgr:id="Customers79" msdata:rowOrder="78">
      <CustomerID>TOMSP</CustomerID>
      <CompanyName>Toms Spezialitäten</CompanyName>
      <ContactName>Karin Josephs</ContactName>
      <ContactTitle>Marketing Manager</ContactTitle>
      <Address>Luisenstr. 48</Address>
      <City>Münster</City>
      <PostalCode>44087</PostalCode>
      <Country>Germany</Country>
      <Phone>0251-031259</Phone>
      <Fax>0251-035695</Fax>
    </Customers>
    <Customers diffgr:id="Customers80" msdata:rowOrder="79">
      <CustomerID>TORTU</CustomerID>
      <CompanyName>Tortuga Restaurante</CompanyName>
      <ContactName>Miguel Angel Paolino</ContactName>
      <ContactTitle>Owner</ContactTitle>
      <Address>Avda. Azteca 123</Address>
      <City>México D.F.</City>
      <PostalCode>05033</PostalCode>
      <Country>Mexico</Country>
      <Phone>(5) 555-2933</Phone>
    </Customers>
    <Customers diffgr:id="Customers81" msdata:rowOrder="80">
      <CustomerID>TRADH</CustomerID>
      <CompanyName>Tradição Hipermercados</CompanyName>
      <ContactName>Anabela Domingues</ContactName>
      <ContactTitle>Sales Representative</ContactTitle>
      <Address>Av. Inês de Castro, 414</Address>
      <City>Sao Paulo</City>
      <Region>SP</Region>
      <PostalCode>05634-030</PostalCode>
      <Country>Brazil</Country>
      <Phone>(11) 555-2167</Phone>
      <Fax>(11) 555-2168</Fax>
    </Customers>
    <Customers diffgr:id="Customers82" msdata:rowOrder="81">
      <CustomerID>TRAIH</CustomerID>
      <CompanyName>Trail's Head Gourmet Provisioners</CompanyName>
      <ContactName>Helvetius Nagy</ContactName>
      <ContactTitle>Sales Associate</ContactTitle>
      <Address>722 DaVinci Blvd.</Address>
      <City>Kirkland</City>
      <Region>WA</Region>
      <PostalCode>98034</PostalCode>
      <Country>USA</Country>
      <Phone>(206) 555-8257</Phone>
      <Fax>(206) 555-2174</Fax>
    </Customers>
    <Customers diffgr:id="Customers83" msdata:rowOrder="82">
      <CustomerID>VAFFE</CustomerID>
      <CompanyName>Vaffeljernet</CompanyName>
      <ContactName>Palle Ibsen</ContactName>
      <ContactTitle>Sales Manager</ContactTitle>
      <Address>Smagsloget 45</Address>
      <City>Århus</City>
      <PostalCode>8200</PostalCode>
      <Country>Denmark</Country>
      <Phone>86 21 32 43</Phone>
      <Fax>86 22 33 44</Fax>
    </Customers>
    <Customers diffgr:id="Customers84" msdata:rowOrder="83">
      <CustomerID>VICTE</CustomerID>
      <CompanyName>Victuailles en stock</CompanyName>
      <ContactName>Mary Saveley</ContactName>
      <ContactTitle>Sales Agent</ContactTitle>
      <Address>2, rue du Commerce</Address>
      <City>Lyon</City>
      <PostalCode>69004</PostalCode>
      <Country>France</Country>
      <Phone>78.32.54.86</Phone>
      <Fax>78.32.54.87</Fax>
    </Customers>
    <Customers diffgr:id="Customers85" msdata:rowOrder="84">
      <CustomerID>VINET</CustomerID>
      <CompanyName>Vins et alcools Chevalier</CompanyName>
      <ContactName>Paul Henriot</ContactName>
      <ContactTitle>Accounting Manager</ContactTitle>
      <Address>59 rue de l'Abbaye</Address>
      <City>Reims</City>
      <PostalCode>51100</PostalCode>
      <Country>France</Country>
      <Phone>26.47.15.10</Phone>
      <Fax>26.47.15.11</Fax>
    </Customers>
    <Customers diffgr:id="Customers86" msdata:rowOrder="85">
      <CustomerID>WANDK</CustomerID>
      <CompanyName>Die Wandernde Kuh</CompanyName>
      <ContactName>Rita Müller</ContactName>
      <ContactTitle>Sales Representative</ContactTitle>
      <Address>Adenauerallee 900</Address>
      <City>Stuttgart</City>
      <PostalCode>70563</PostalCode>
      <Country>Germany</Country>
      <Phone>0711-020361</Phone>
      <Fax>0711-035428</Fax>
    </Customers>
    <Customers diffgr:id="Customers87" msdata:rowOrder="86">
      <CustomerID>WARTH</CustomerID>
      <CompanyName>Wartian Herkku</CompanyName>
      <ContactName>Pirkko Koskitalo</ContactName>
      <ContactTitle>Accounting Manager</ContactTitle>
      <Address>Torikatu 38</Address>
      <City>Oulu</City>
      <PostalCode>90110</PostalCode>
      <Country>Finland</Country>
      <Phone>981-443655</Phone>
      <Fax>981-443655</Fax>
    </Customers>
    <Customers diffgr:id="Customers88" msdata:rowOrder="87">
      <CustomerID>WELLI</CustomerID>
      <CompanyName>Wellington Importadora</CompanyName>
      <ContactName>Paula Parente</ContactName>
      <ContactTitle>Sales Manager</ContactTitle>
      <Address>Rua do Mercado, 12</Address>
      <City>Resende</City>
      <Region>SP</Region>
      <PostalCode>08737-363</PostalCode>
      <Country>Brazil</Country>
      <Phone>(14) 555-8122</Phone>
    </Customers>
    <Customers diffgr:id="Customers89" msdata:rowOrder="88">
      <CustomerID>WHITC</CustomerID>
      <CompanyName>White Clover Markets</CompanyName>
      <ContactName>Karl Jablonski</ContactName>
      <ContactTitle>Owner</ContactTitle>
      <Address>305 - 14th Ave. S. Suite 3B</Address>
      <City>Seattle</City>
      <Region>WA</Region>
      <PostalCode>98128</PostalCode>
      <Country>USA</Country>
      <Phone>(206) 555-4112</Phone>
      <Fax>(206) 555-4115</Fax>
    </Customers>
    <Customers diffgr:id="Customers90" msdata:rowOrder="89">
      <CustomerID>WILMK</CustomerID>
      <CompanyName>Wilman Kala</CompanyName>
      <ContactName>Matti Karttunen</ContactName>
      <ContactTitle>Owner/Marketing Assistant</ContactTitle>
      <Address>Keskuskatu 45</Address>
      <City>Helsinki</City>
      <PostalCode>21240</PostalCode>
      <Country>Finland</Country>
      <Phone>90-224 8858</Phone>
      <Fax>90-224 8858</Fax>
    </Customers>
    <Customers diffgr:id="Customers91" msdata:rowOrder="90">
      <CustomerID>WOLZA</CustomerID>
      <CompanyName>Wolski  Zajazd</CompanyName>
      <ContactName>Zbyszek Piestrzeniewicz</ContactName>
      <ContactTitle>Owner</ContactTitle>
      <Address>ul. Filtrowa 68</Address>
      <City>Warszawa</City>
      <PostalCode>01-012</PostalCode>
      <Country>Poland</Country>
      <Phone>(26) 642-7012</Phone>
      <Fax>(26) 642-7012</Fax>
    </Customers>
  </CustomersDataSet>
  <diffgr:before>
    <Customers diffgr:id="Customers1" msdata:rowOrder="0">
      <CustomerID>ALFKI</CustomerID>
      <CompanyName>Alfreds Futterkiste</CompanyName>
      <ContactName>Maria Campbell</ContactName>
      <ContactTitle>Sales Representative</ContactTitle>
      <Address>Obere Str. 57</Address>
      <City>Berlin</City>
      <PostalCode>12209</PostalCode>
      <Country>Germany</Country>
      <Phone>030-0074321</Phone>
      <Fax>030-0076545</Fax>
    </Customers>
  </diffgr:before>
</diffgr:diffgram>